C,Alpha,Epsilon,Performance
600,0.5,0.01,0.2762
900,0.8,0.1,0.2742
2000,5,0.1,0.2791
5000,1,0.0001,0.2577
1,5,0.0001,0.28714
600,0.8,0.1,0.27926
75,0.5,0.0001,0.33702
10000,1.5,0.01,0.26462
1000,0.8,0.0001,0.2544
50,0.2,0.01,0.39706
5000,3,0.001,0.26474
1000000,1,0.01,0.5
10,5,0.0001,0.28722
5,3,0.001,0.34864
10000,3,0.001,0.26552
800,1,0.001,0.2785
100,0.5,0.0001,0.3232
500,1,0.001,0.2821
300,2,0.001,0.288
600,1.5,0.01,0.28258
2000,0.6,0.01,0.27058
100,0.5,0.1,0.35676
400,0.3,0.01,0.28054
5000,3,0.01,0.27486
1000,2,0.01,0.28104
100,0.1,0.001,0.34946
10,0.8,0.001,0.38166
10,3,0.001,0.31004
2000,0.4,0.0001,0.24785
25,0.2,0.001,0.41688
3000,0.4,0.0001,0.24756
600,0.4,0.0001,0.27546
4000,5,0.001,0.26938
1000,0.9,0.001,0.27682
7000,5,0.001,0.26876
600,0.2,0.01,0.27266
700,0.8,0.001,0.27844
7000,3,0.001,0.26466
75,0.3,0.0001,0.35082
1000000,0.8,0.1,0.5
5,0.7,0.001,0.39864
7000,2,0.001,0.26008
1,0.6,0.01,0.42818
7000,0.1,0.01,0.25052
500,0.7,0.01,0.28004
3000,0.7,0.001,0.25062
4000,0.2,0.0001,0.24396
50,0.5,0.001,0.35852
900,0.7,0.001,0.27574
400,2,0.01,0.28514
5000,0.1,0.0001,0.24196
200,0.6,0.0001,0.29602
50,0.5,0.0001,0.356
3000,0.9,0.01,0.27026
300,3,0.01,0.28716
0.1,5,0.01,0.30022
7000,0.4,0.001,0.2464
1000000,0.8,0.0001,0.5
200,0.1,0.0001,0.29966
6000,1,0.0001,0.26336
75,1,0.01,0.33582
10000,0.4,0.0001,0.2461
600,0.9,0.001,0.28038
700,0.8,0.1,0.27686
100,0.4,0.0001,0.32776
6000,3,0.1,0.27414
5000,0.6,0.01,0.26246
3000,0.1,0.0001,0.24226
7000,0.7,0.01,0.24986
100,0.9,0.1,0.31914
400,0.5,0.001,0.28194
1000,5,0.001,0.26784
1,1.5,0.0001,0.34782
800,0.7,0.001,0.27648
4000,0.2,0.001,0.24368
7000,0.6,0.1,0.26214
1000000,0.9,0.001,0.5
5,5,0.1,0.33336
1,1.5,0.1,0.39298
4000,1,0.1,0.27002
2000,0.9,0.1,0.27118
900,3,0.1,0.28126
1000,2,0.0001,0.260866666667
10000,1.5,0.0001,0.2825
5000,0.2,0.1,0.25934
4000,0.6,0.001,0.2495
500,2,0.0001,0.26514
2000,0.9,0.0001,0.252625
500,0.3,0.001,0.27694
2000,0.2,0.1,0.26326
1000000,0.2,0.1,0.5
300,0.1,0.001,0.28604
50,0.4,0.001,0.36676
100,5,0.0001,0.27402
800,2,0.0001,0.26402
1,5,0.01,0.29758
5000,0.9,0.001,0.25164
2000,2,0.001,0.2608
600,1,0.1,0.28378
4000,2,0.0001,0.26076
25,0.7,0.001,0.36862
500,0.3,0.1,0.27662
4000,0.4,0.01,0.26418
500,0.9,0.1,0.28126
900,0.5,0.01,0.27312
10000,1.5,0.1,0.27406
900,1.5,0.01,0.28038
600,0.3,0.0001,0.2742
600,0.1,0.001,0.27114
200,0.9,0.01,0.29442
50,0.7,0.01,0.35294
25,0.2,0.1,0.46938
300,1.5,0.0001,0.28738
75,0.7,0.001,0.32858
800,0.4,0.01,0.27268
7000,0.8,0.01,0.25148
6000,1.5,0.1,0.26684
3000,0.9,0.1,0.26778
3000,3,0.001,0.26436
0.1,1,0.01,0.38922
100,0.1,0.01,0.35448
1000000,0.5,0.01,0.5
1,0.4,0.0001,0.44414
600,0.3,0.1,0.27302
10,5,0.1,0.3787
3000,5,0.0001,0.2695
4000,3,0.01,0.2769
100,1.5,0.1,0.30546
6000,0.2,0.01,0.25666
0.1,0.3,0.1,0.47566
200,0.2,0.001,0.2981
800,0.6,0.0001,0.27498
1,0.1,0.001,0.46926
4000,0.6,0.1,0.26052
800,1,0.0001,0.27768
4000,0.5,0.001,0.24794
3000,0.2,0.001,0.25498
10000,0.8,0.1,0.26354
1000,0.5,0.1,0.2715
500,0.9,0.001,0.2818
900,0.5,0.0001,0.272566666667
1000000,0.7,0.01,0.5
5000,0.4,0.001,0.24662
300,0.1,0.01,0.28604
1000,0.4,0.01,0.27098
25,0.7,0.0001,0.36802
1000000,2,0.1,0.47274
1000000,0.3,0.1,0.5
800,0.1,0.001,0.26876
25,1.5,0.001,0.39774
6000,0.5,0.0001,0.24768
1000000,2,0.01,0.40806
0.1,0.1,0.01,0.46946
500,2,0.01,0.28406
600,1,0.001,0.28062
400,0.4,0.0001,0.28092
50,0.4,0.1,0.44714
300,0.9,0.1,0.2877
200,2,0.01,0.29112
1000000,0.9,0.1,0.5
600,0.8,0.01,0.27912
10,0.2,0.1,0.48226
2000,1.5,0.0001,0.25795
6000,0.8,0.001,0.25066
5000,0.8,0.001,0.251
1,0.1,0.1,0.48462
100,1.5,0.001,0.30438
1,0.5,0.01,0.43472
1000000,3,0.1,0.45206
500,1.5,0.001,0.28366
7000,0.7,0.1,0.2608
300,0.8,0.0001,0.28664
900,5,0.01,0.28444
500,0.2,0.0001,0.2753
1,0.2,0.001,0.4602
7000,2,0.01,0.26318
7000,0.9,0.001,0.25146
50,0.3,0.001,0.37742
800,0.7,0.0001,0.27596
1,0.4,0.1,0.45824
300,0.4,0.1,0.28392
3000,0.3,0.01,0.26454
7000,1.5,0.01,0.25772
300,0.1,0.0001,0.28594
200,0.7,0.01,0.29622
5,0.2,0.0001,0.4509
1000,0.9,0.1,0.2737
6000,1.5,0.001,0.257
700,0.9,0.1,0.27722
400,0.5,0.0001,0.28146
4000,0.2,0.1,0.25786
500,0.8,0.0001,0.28066
10,0.7,0.01,0.3929
5,0.8,0.01,0.39682
1000000,1.5,0.1,0.47812
700,0.1,0.1,0.2669
100,0.8,0.001,0.3146
5,0.6,0.1,0.43958
25,3,0.01,0.30488
400,1.5,0.01,0.2845
50,1.5,0.0001,0.31074
10000,5,0.001,0.27124
900,1.5,0.001,0.28028
100,1.5,0.0001,0.30012
10000,2,0.0001,0.28056
6000,3,0.0001,0.26562
500,5,0.001,0.27102
600,3,0.0001,0.26594
4000,0.7,0.1,0.2623
10000,5,0.01,0.27556
800,5,0.1,0.28192
300,5,0.001,0.27646
400,0.2,0.01,0.27976
700,0.1,0.0001,0.269225
2000,0.4,0.01,0.26748
0.1,1.5,0.0001,0.3572
6000,0.2,0.001,0.2437
10,2,0.0001,0.32
50,0.5,0.1,0.45302
400,3,0.0001,0.26644
0.1,0.5,0.0001,0.4376
1000,3,0.01,0.2825
7000,0.1,0.1,0.255
50,0.6,0.01,0.35986
700,0.2,0.0001,0.27095
5,3,0.01,0.31416
2000,0.8,0.001,0.26098
75,1.5,0.1,0.32812
3000,1,0.1,0.27202
400,1.5,0.1,0.28474
200,0.1,0.001,0.30018
4000,0.1,0.0001,0.24168
700,0.8,0.0001,0.27715
1000000,0.6,0.1,0.5
5,0.1,0.1,0.4876
10000,1.5,0.001,0.25714
300,0.7,0.001,0.28744
25,0.4,0.01,0.40768
1000000,0.8,0.01,0.5
75,0.4,0.0001,0.3432
10000,0.8,0.01,0.2555
10000,0.7,0.0001,0.27342
800,2,0.1,0.2803
1000000,5,0.001,0.40736
6000,3,0.001,0.26476
6000,0.5,0.1,0.25866
75,0.9,0.0001,0.3195
1000000,3,0.01,0.3743
800,0.2,0.01,0.27004
6000,0.7,0.001,0.24972
10000,0.5,0.1,0.26096
700,1.5,0.0001,0.264075
50,1,0.01,0.35354
500,0.6,0.1,0.277225
1,0.4,0.001,0.44334
400,5,0.0001,0.26774
10,0.2,0.01,0.44462
300,3,0.0001,0.26762
50,1.5,0.1,0.38136
200,5,0.01,0.28722
700,2,0.0001,0.2646
3000,5,0.1,0.27902
600,0.9,0.0001,0.27958
75,0.1,0.001,0.37422
0.1,3,0.0001,0.31042
400,0.9,0.001,0.28388
3000,3,0.1,0.27484
100,0.8,0.0001,0.3133
100,1,0.01,0.32508
100,0.6,0.001,0.32034
10,0.3,0.1,0.46998
6000,0.6,0.01,0.25478
0.1,1.5,0.1,0.39805
1000,0.6,0.001,0.27398
6000,0.2,0.1,0.2544
7000,1.5,0.1,0.26866
25,0.1,0.1,0.47186
0.1,0.8,0.0001,0.40828
1000,3,0.0001,0.263733333333
3000,0.6,0.0001,0.24924
5000,2,0.01,0.27108
300,0.2,0.01,0.28646
200,5,0.001,0.28724
500,0.7,0.1,0.27752
500,1,0.0001,0.2824
800,1.5,0.001,0.281
7000,0.8,0.1,0.26344
6000,0.2,0.0001,0.2437
5000,0.7,0.001,0.24986
25,0.2,0.0001,0.41636
600,3,0.01,0.28424
25,0.4,0.1,0.4509
900,3,0.0001,0.2641
600,0.2,0.0001,0.2729
5,1.5,0.001,0.34766
0.1,0.2,0.01,0.46206
400,0.2,0.001,0.2799
400,3,0.1,0.28594
1000,0.5,0.001,0.27266
2000,1.5,0.01,0.27668
1000,0.6,0.1,0.2718
0.1,1,0.1,0.44262
7000,0.4,0.0001,0.24664
7000,3,0.1,0.27498
200,0.8,0.01,0.29548
50,5,0.01,0.29194
3000,0.8,0.0001,0.25168
6000,0.1,0.001,0.2411
75,0.6,0.0001,0.3322
75,0.5,0.1,0.38742
2000,0.5,0.0001,0.249
100,1.5,0.01,0.30422
3000,1,0.01,0.27126
4000,0.1,0.01,0.25918
900,0.6,0.0001,0.2736
5,0.9,0.01,0.38836
10,0.5,0.001,0.40544
75,5,0.0001,0.276
2000,0.7,0.001,0.2669
1000,5,0.0001,0.2687
6000,0.3,0.01,0.25478
25,1.5,0.1,0.37726
50,0.3,0.01,0.38228
1000,2,0.001,0.2768
25,0.4,0.0001,0.39388
75,0.9,0.1,0.34776
25,1,0.1,0.41652
6000,0.8,0.1,0.26438
5000,0.5,0.01,0.2592
10,0.6,0.0001,0.40212
3000,1.5,0.001,0.25758
10,0.1,0.1,0.4944
1000,1.5,0.1,0.27826
900,0.5,0.001,0.27328
500,0.9,0.01,0.28106
1000,0.5,0.01,0.27242
1000,1,0.1,0.27934
5,3,0.1,0.35928
400,0.3,0.001,0.28038
700,5,0.1,0.28282
50,0.1,0.01,0.4098
7000,0.2,0.0001,0.24358
800,3,0.0001,0.26532
7000,3,0.0001,0.26776
700,0.4,0.1,0.2728
600,0.4,0.01,0.27518
5000,2,0.001,0.26014
1,1,0.0001,0.38674
10,0.4,0.1,0.47818
400,0.1,0.01,0.27854
200,0.4,0.01,0.29728
300,0.8,0.1,0.28672
2000,0.4,0.001,0.2674
0.1,0.1,0.0001,0.4733
10,0.2,0.001,0.43718
2000,0.3,0.1,0.2654
600,0.1,0.01,0.27172
600,0.3,0.001,0.27446
2000,1,0.0001,0.26225
300,0.3,0.1,0.285675
5,0.2,0.1,0.4721
7000,0.2,0.01,0.2445
4000,0.1,0.001,0.24178
1,0.1,0.0001,0.47318
700,0.4,0.001,0.2741
700,0.1,0.01,0.26968
5,0.6,0.0001,0.41224
400,1,0.01,0.2844
400,0.1,0.0001,0.27872
1,0.6,0.0001,0.42206
0.1,2,0.01,0.3443
10000,1,0.0001,0.26884
800,1,0.1,0.2881
400,1.5,0.0001,0.28484
10,0.9,0.001,0.37518
10,1.5,0.1,0.41416
75,0.8,0.1,0.36858
700,0.4,0.01,0.27374
5000,2,0.0001,0.26066
10,0.6,0.001,0.3968
1000,0.9,0.01,0.2773
300,2,0.0001,0.27404
6000,1,0.01,0.2679
4000,0.3,0.1,0.25802
2000,0.8,0.01,0.27248
700,0.3,0.0001,0.272225
0.1,0.2,0.1,0.48458
800,0.8,0.0001,0.27668
700,0.3,0.001,0.27286
4000,0.8,0.1,0.26138
800,5,0.01,0.2838
1000,1.5,0.001,0.27984
0.1,2,0.0001,0.33334
500,0.3,0.0001,0.27654
4000,0.4,0.001,0.24668
7000,0.3,0.0001,0.24534
300,0.4,0.0001,0.2868
7000,0.5,0.001,0.24786
200,0.5,0.1,0.296525
10000,0.9,0.001,0.2514
200,0.2,0.0001,0.29764
75,0.5,0.001,0.33816
10000,1,0.01,0.26866
7000,2,0.0001,0.26488
75,0.8,0.0001,0.32326
25,0.6,0.1,0.43602
50,0.9,0.1,0.39444
6000,0.1,0.1,0.25468
10000,0.8,0.001,0.25038
600,2,0.01,0.283
300,1.5,0.01,0.28718
800,3,0.001,0.26884
25,0.5,0.1,0.44598
100,0.2,0.001,0.34058
1000,0.8,0.001,0.27612
75,0.4,0.1,0.39524
6000,2,0.0001,0.26566
200,0.9,0.1,0.29526
3000,0.8,0.001,0.25204
700,3,0.0001,0.2658
1,2,0.1,0.36774
0.1,1.5,0.01,0.3562
5000,0.9,0.1,0.26558
600,0.9,0.01,0.28034
800,0.3,0.01,0.27124
200,5,0.1,0.28716
400,0.4,0.001,0.28116
300,1,0.0001,0.28928
500,3,0.001,0.2771
2000,3,0.1,0.27738
800,0.6,0.001,0.27528
7000,0.5,0.0001,0.24736
4000,5,0.01,0.27848
1000,0.2,0.01,0.2685
700,0.2,0.001,0.27138
800,0.9,0.001,0.2781
900,3,0.01,0.2829
1,0.7,0.001,0.41394
0.1,1,0.0001,0.39142
700,0.5,0.1,0.2731
25,0.3,0.01,0.4156
200,1,0.0001,0.29942
4000,1.5,0.0001,0.258
700,0.7,0.0001,0.276125
3000,0.2,0.01,0.26238
3000,1.5,0.01,0.27342
800,0.8,0.01,0.2767
400,2,0.0001,0.26658
700,2,0.01,0.2825
1000,0.1,0.0001,0.266766666667
10,3,0.01,0.30906
75,0.2,0.01,0.3706
10,0.5,0.0001,0.41132
75,1,0.001,0.33434
600,1.5,0.0001,0.26348
3000,0.2,0.0001,0.24392
1,0.8,0.1,0.4312
3000,0.2,0.1,0.26184
1000000,0.5,0.0001,0.5
10,0.5,0.1,0.48128
5,5,0.01,0.29864
10,1,0.01,0.3884
75,1.5,0.0001,0.30842
400,5,0.1,0.28514
500,0.4,0.0001,0.27766
800,1.5,0.01,0.28066
75,0.6,0.1,0.37946
50,2,0.001,0.3087
5000,0.3,0.01,0.26076
25,0.1,0.01,0.44188
3000,0.9,0.0001,0.25242
1000,0.1,0.001,0.26702
1,0.6,0.1,0.45142
25,0.3,0.001,0.40472
25,1.5,0.01,0.33584
50,0.8,0.1,0.41962
6000,0.4,0.0001,0.24652
75,1,0.0001,0.33392
50,0.1,0.001,0.4023
5,0.3,0.1,0.46282
3000,2,0.0001,0.26096
75,0.3,0.1,0.4037
5,0.3,0.001,0.4349
50,0.7,0.001,0.34526
300,0.6,0.01,0.2872
300,5,0.0001,0.26854
3000,0.5,0.1,0.26476
600,5,0.0001,0.2672
25,5,0.0001,0.32426
50,0.6,0.001,0.3513
900,1,0.1,0.2869
6000,5,0.0001,0.26836
0.1,0.4,0.0001,0.44742
1,0.1,0.01,0.46678
50,5,0.001,0.28122
600,0.5,0.1,0.27402
0.1,0.6,0.01,0.42914
10,0.8,0.01,0.3865
0.1,5,0.0001,0.291
800,0.1,0.1,0.26522
300,1.5,0.1,0.28748
400,3,0.001,0.28174
400,0.2,0.0001,0.27942
1000,5,0.01,0.28328
50,0.9,0.0001,0.33382
1000000,0.4,0.0001,0.5
5,0.1,0.0001,0.46014
5000,1.5,0.0001,0.26604
4000,3,0.001,0.26524
800,1.5,0.1,0.27958
200,0.5,0.001,0.29678
5000,0.4,0.01,0.26206
50,1.5,0.01,0.32012
700,1.5,0.01,0.2813
6000,5,0.01,0.2769
200,0.7,0.001,0.29606
5000,5,0.0001,0.26812
2000,0.7,0.1,0.26908
1,3,0.001,0.31172
3000,0.5,0.01,0.26724
0.1,0.9,0.001,0.39486
6000,0.6,0.001,0.24924
200,0.7,0.0001,0.29554
500,2,0.001,0.2848
6000,2,0.1,0.27034
1,0.4,0.01,0.44532
5000,0.1,0.01,0.25844
900,0.9,0.001,0.27712
10,1,0.0001,0.38288
2000,2,0.1,0.27476
500,0.8,0.01,0.28112
300,0.5,0.001,0.28712
300,0.4,0.01,0.287
800,0.4,0.1,0.27028
300,0.3,0.001,0.28662
50,1.5,0.001,0.31738
0.1,3,0.1,0.35762
100,0.6,0.1,0.3382
300,0.2,0.001,0.28686
500,0.1,0.1,0.27172
600,0.6,0.001,0.2775
100,0.4,0.01,0.33208
0.1,0.4,0.01,0.4461
500,0.5,0.001,0.27848
2000,2,0.0001,0.26095
5000,1.5,0.001,0.25724
300,1.5,0.001,0.28822
10000,0.9,0.01,0.25704
0.1,0.6,0.1,0.45686
100,0.4,0.001,0.32884
400,0.5,0.01,0.28232
7000,0.3,0.01,0.2452
2000,1.5,0.001,0.25874
75,0.7,0.0001,0.32746
7000,0.4,0.1,0.25728
3000,1,0.0001,0.25684
25,0.8,0.1,0.38342
7000,2,0.1,0.2716
1000,0.7,0.0001,0.259833333333
4000,1,0.01,0.2686
2000,0.9,0.01,0.27362
800,1.5,0.0001,0.26236
100,0.2,0.01,0.34562
4000,1,0.0001,0.25598
4000,0.2,0.01,0.26156
300,0.8,0.001,0.28742
2000,0.1,0.01,0.2629
5,0.6,0.001,0.40756
25,1.5,0.0001,0.35548
5,2,0.01,0.33614
1000,0.1,0.1,0.2649
3000,5,0.01,0.27922
100,2,0.1,0.30396
1,0.7,0.0001,0.41152
2000,0.1,0.001,0.26284
600,0.2,0.1,0.26956
100,0.7,0.001,0.31746
10000,0.1,0.001,0.24136
900,0.3,0.0001,0.2702
25,3,0.1,0.335
600,5,0.001,0.26752
75,0.1,0.01,0.38056
10000,0.1,0.01,0.24206
5000,0.3,0.0001,0.2454
75,1.5,0.01,0.3122
600,0.8,0.0001,0.27882
3000,0.5,0.0001,0.24836
3000,2,0.01,0.27458
300,0.3,0.01,0.2867
25,0.1,0.0001,0.42854
400,0.7,0.01,0.28258
50,5,0.1,0.33886
75,5,0.001,0.32194
100,5,0.01,0.28724
1000000,0.1,0.1,0.5
10,0.7,0.001,0.3897
800,1,0.01,0.2761
300,0.4,0.001,0.287
2000,3,0.0001,0.2646
200,3,0.1,0.28714
10,0.3,0.0001,0.42976
5,0.3,0.01,0.4471
0.1,0.3,0.01,0.45306
700,0.9,0.01,0.27872
25,0.4,0.001,0.39424
5,0.2,0.01,0.45266
75,0.2,0.1,0.42646
2000,1,0.001,0.27244
700,1.5,0.1,0.28095
75,0.7,0.01,0.33256
2000,0.6,0.1,0.26872
0.1,0.6,0.001,0.4213
10,0.8,0.1,0.48062
300,0.2,0.1,0.28524
4000,0.7,0.01,0.2663
1000,0.6,0.0001,0.265433333333
400,0.3,0.0001,0.27994
5000,1,0.1,0.27236
5000,5,0.01,0.27662
1,0.2,0.1,0.47676
900,0.8,0.001,0.27668
1000000,0.1,0.0001,0.5
800,0.2,0.001,0.27018
1000,0.7,0.001,0.2752
6000,2,0.001,0.26032
1000,0.3,0.01,0.26954
1000000,5,0.0001,0.40118
100,0.6,0.0001,0.31892
3000,5,0.001,0.26808
200,0.5,0.01,0.2968
100,3,0.1,0.29562
500,0.8,0.001,0.28076
5,0.8,0.1,0.43854
6000,0.4,0.001,0.2463
400,0.9,0.0001,0.28352
1000,3,0.001,0.2651
700,3,0.01,0.28444
200,0.5,0.0001,0.29676
200,0.4,0.001,0.29712
400,0.1,0.1,0.277275
5,1,0.0001,0.38436
4000,0.5,0.1,0.2599
900,0.7,0.01,0.27506
900,1,0.001,0.2774
0.1,1,0.001,0.38732
500,0.5,0.0001,0.2784
7000,0.2,0.001,0.24314
2000,3,0.01,0.28084
10,1.5,0.001,0.34178
1000000,0.4,0.001,0.5
10,1,0.1,0.45074
1,2,0.0001,0.32726
100,0.9,0.001,0.31214
0.1,0.7,0.1,0.45412
6000,1.5,0.01,0.2663
4000,0.9,0.1,0.26394
800,0.3,0.001,0.27176
7000,0.4,0.01,0.2463
4000,0.5,0.0001,0.24796
800,0.8,0.001,0.2773
500,0.1,0.01,0.2742
600,0.6,0.0001,0.2768
700,0.9,0.001,0.27934
900,5,0.001,0.27016
25,0.9,0.1,0.4167
3000,1,0.001,0.26962
5,0.9,0.1,0.40614
1000,0.8,0.01,0.27578
500,1.5,0.1,0.28482
50,0.7,0.1,0.43114
10,0.9,0.0001,0.3779
500,0.4,0.01,0.2779
2000,0.6,0.001,0.26994
75,0.1,0.0001,0.37276
200,1.5,0.1,0.29206
800,5,0.001,0.26794
600,0.4,0.001,0.27542
2000,0.4,0.1,0.26664
1000000,0.2,0.01,0.5
5,0.7,0.1,0.4343
7000,1,0.01,0.2702
5000,0.8,0.1,0.2635
7000,0.8,0.0001,0.25264
75,5,0.1,0.30028
500,0.4,0.1,0.27672
0.1,3,0.01,0.31722
700,0.6,0.1,0.27284
5000,0.5,0.0001,0.24796
5000,0.6,0.1,0.26366
500,0.7,0.001,0.27976
1000000,1.5,0.01,0.49762
1,3,0.01,0.31604
700,0.5,0.01,0.27502
1,0.5,0.001,0.43322
5,0.7,0.0001,0.40232
500,0.2,0.001,0.27568
25,1,0.001,0.36832
400,2,0.1,0.28216
5,3,0.0001,0.30488
0.1,0.5,0.1,0.4743
6000,0.3,0.001,0.24502
1,0.5,0.0001,0.43388
900,0.1,0.001,0.26776
400,0.6,0.0001,0.28224
900,0.1,0.1,0.265
50,5,0.0001,0.27566
5000,3,0.0001,0.26562
10000,1,0.1,0.28032
10,0.9,0.1,0.46826
700,0.5,0.001,0.27522
6000,5,0.001,0.2679
700,2,0.1,0.2816
300,0.5,0.0001,0.28678
6000,0.4,0.1,0.25764
75,3,0.1,0.29808
10,0.8,0.0001,0.38592
100,1,0.0001,0.32384
400,0.6,0.001,0.28266
10,0.5,0.01,0.41406
0.1,0.8,0.1,0.44602
800,2,0.01,0.28262
10000,0.9,0.0001,0.28978
5,1,0.01,0.39272
25,0.7,0.01,0.3753
7000,0.2,0.1,0.25526
400,0.1,0.001,0.27908
100,2,0.0001,0.2855
200,0.9,0.001,0.29516
900,5,0.0001,0.2681
200,1,0.01,0.30064
50,0.8,0.01,0.34418
300,0.5,0.01,0.2875
1,0.7,0.01,0.41388
7000,5,0.0001,0.26844
900,0.9,0.0001,0.255766666667
75,3,0.001,0.32722
10000,3,0.01,0.26828
3000,2,0.1,0.27448
1,0.8,0.01,0.4089
3000,0.7,0.1,0.2679
4000,0.3,0.01,0.26284
25,2,0.0001,0.3441
400,1.5,0.001,0.2853
1,1.5,0.001,0.35434
800,0.7,0.01,0.27586
500,0.7,0.0001,0.28006
6000,0.7,0.0001,0.25076
500,0.9,0.0001,0.28142
800,0.2,0.0001,0.2701
10,1,0.001,0.37668
5000,0.5,0.001,0.2482
10000,0.4,0.1,0.25832
100,0.3,0.001,0.3333
10000,0.6,0.0001,0.254
4000,0.4,0.1,0.26012
6000,0.9,0.01,0.2623
5,0.9,0.0001,0.38618
4000,0.6,0.01,0.26582
5000,1,0.01,0.26698
0.1,5,0.1,0.3441
800,0.1,0.0001,0.26838
900,0.3,0.1,0.26824
5000,0.1,0.001,0.24166
100,0.1,0.1,0.3972
900,0.4,0.01,0.27182
700,0.9,0.0001,0.277725
700,3,0.1,0.28146
2000,1,0.1,0.2733
10000,5,0.1,0.28042
5,0.5,0.001,0.41648
50,1,0.0001,0.3471
10000,0.5,0.0001,0.2471
6000,0.9,0.001,0.2517
10,2,0.1,0.45516
300,0.6,0.1,0.28728
600,0.7,0.001,0.27844
900,0.6,0.1,0.27334
3000,0.5,0.001,0.24868
400,0.8,0.0001,0.28288
7000,0.6,0.001,0.24936
800,0.2,0.1,0.26838
10000,0.8,0.0001,0.27032
3000,0.3,0.0001,0.24584
200,0.1,0.01,0.30184
25,0.2,0.01,0.43052
5,0.3,0.0001,0.44132
700,0.6,0.0001,0.275225
300,1,0.1,0.29412
100,3,0.001,0.28634
75,0.2,0.0001,0.3602
1,0.6,0.001,0.4225
600,0.1,0.0001,0.27116
0.1,2,0.1,0.39858
400,0.7,0.001,0.2828
1000000,2,0.0001,0.42602
900,0.2,0.01,0.26916
5,0.7,0.01,0.40932
25,2,0.001,0.39002
400,0.5,0.1,0.28174
10,0.2,0.0001,0.43962
300,0.7,0.01,0.28742
1000,0.2,0.001,0.26874
4000,0.3,0.0001,0.24542
5000,0.7,0.1,0.26352
5000,0.2,0.001,0.24324
10,3,0.0001,0.30214
7000,1,0.0001,0.26272
100,0.7,0.0001,0.31596
0.1,0.7,0.01,0.41802
10,0.9,0.01,0.37986
1000000,1.5,0.001,0.48788
75,2,0.1,0.31056
6000,3,0.01,0.27282
0.1,0.7,0.0001,0.41688
10,0.6,0.1,0.47892
100,0.1,0.0001,0.34888
4000,0.6,0.0001,0.24914
200,0.8,0.1,0.2959
50,3,0.001,0.2926
4000,0.8,0.001,0.25136
0.1,0.1,0.001,0.46842
900,0.2,0.0001,0.269333333333
0.1,0.5,0.01,0.4332
4000,0.9,0.001,0.2523
5000,1.5,0.01,0.26838
400,2,0.001,0.28562
75,3,0.01,0.298
900,0.6,0.001,0.27466
50,0.3,0.0001,0.3751
1000000,0.8,0.001,0.5
100,2,0.001,0.29794
300,5,0.01,0.28578
7000,0.5,0.01,0.24834
25,0.1,0.001,0.42824
800,0.4,0.001,0.27274
10000,0.1,0.1,0.2529
1000,0.2,0.0001,0.268366666667
75,0.4,0.001,0.34458
1000,2,0.1,0.2788
1000000,3,0.0001,0.41112
10,2,0.001,0.32652
100,0.5,0.01,0.32816
700,0.6,0.01,0.27578
200,0.4,0.0001,0.29706
50,3,0.1,0.34192
200,3,0.001,0.28944
1000000,0.3,0.01,0.5
5000,0.6,0.0001,0.24886
75,5,0.01,0.28944
10000,0.6,0.001,0.24862
100,1,0.1,0.32568
4000,0.3,0.001,0.2452
1000000,0.3,0.001,0.5
5,0.5,0.01,0.4255
75,0.9,0.01,0.32616
1000,1.5,0.0001,0.2583
1,0.9,0.1,0.42466
300,1,0.001,0.2898
400,0.4,0.01,0.2818
50,0.2,0.0001,0.38622
700,3,0.001,0.2686
300,0.7,0.1,0.28576
1000000,1.5,0.0001,0.49076
200,0.9,0.0001,0.29428
50,0.4,0.01,0.37258
1000,0.7,0.1,0.27324
3000,0.6,0.001,0.24968
1000,1,0.0001,0.276066666667
900,5,0.1,0.28214
3000,0.7,0.0001,0.25082
7000,5,0.1,0.27998
200,0.4,0.1,0.2941
2000,0.6,0.0001,0.2498
50,2,0.01,0.31218
800,0.3,0.0001,0.2715
50,0.9,0.01,0.34062
100,0.3,0.01,0.338
400,0.6,0.01,0.28214
25,0.7,0.1,0.43346
1,2,0.01,0.34318
200,0.2,0.1,0.3005
2000,1.5,0.1,0.27326
2000,0.3,0.01,0.26606
600,5,0.01,0.28478
400,0.4,0.1,0.28006
300,1,0.01,0.2899
100,3,0.0001,0.27662
200,0.8,0.001,0.29538
100,0.9,0.01,0.3136
10,3,0.1,0.40006
900,0.7,0.1,0.27322
100,0.5,0.001,0.32406
700,0.1,0.001,0.2696
7000,1.5,0.001,0.25746
10000,3,0.0001,0.27012
1000000,0.2,0.001,0.5
400,0.8,0.001,0.28344
500,5,0.0001,0.26744
1000000,3,0.001,0.3913
700,1.5,0.001,0.28164
1,0.9,0.001,0.3948
2000,0.7,0.0001,0.251025
700,2,0.001,0.28264
5,5,0.0001,0.28868
200,1.5,0.001,0.29284
600,0.9,0.1,0.27882
6000,0.7,0.01,0.2603
100,2,0.01,0.29868
200,0.2,0.01,0.29912
600,1,0.0001,0.27994
50,0.6,0.1,0.44374
800,3,0.01,0.28372
75,0.7,0.1,0.36432
1000000,0.2,0.0001,0.5
10,0.7,0.0001,0.3947
6000,1,0.1,0.2681
1,3,0.1,0.34516
3000,0.1,0.01,0.2607
500,0.6,0.001,0.2793
1,1.5,0.01,0.36092
800,0.7,0.1,0.27452
2000,0.5,0.1,0.26826
50,0.2,0.1,0.46536
6000,0.4,0.01,0.25522
700,1,0.01,0.27778
25,0.8,0.001,0.36226
300,0.5,0.1,0.28722
800,0.5,0.001,0.27382
5000,0.9,0.0001,0.25806
1,5,0.001,0.29414
4000,3,0.1,0.27302
3000,0.3,0.1,0.26374
900,0.4,0.0001,0.2715
10,0.7,0.1,0.47822
1,0.2,0.0001,0.46368
100,0.7,0.1,0.33174
1000000,0.3,0.0001,0.5
600,0.4,0.1,0.2745
50,0.8,0.001,0.33976
1000,0.2,0.1,0.2659
7000,0.3,0.001,0.24494
25,0.6,0.0001,0.37596
400,0.6,0.1,0.28198
2000,2,0.01,0.27766
200,5,0.0001,0.27176
1000,1,0.001,0.27696
600,0.7,0.01,0.2781
75,0.1,0.1,0.42998
200,0.6,0.001,0.29642
5,2,0.001,0.3311
0.1,0.7,0.001,0.4134
3000,0.6,0.1,0.2681
6000,0.5,0.001,0.24824
0.1,0.4,0.1,0.4713
7000,0.5,0.1,0.2587
900,1,0.01,0.276
300,0.7,0.0001,0.28646
4000,1.5,0.01,0.27096
2000,0.2,0.001,0.26458
10,0.6,0.01,0.4043
500,0.2,0.01,0.27588
10,0.3,0.001,0.42636
600,1.5,0.1,0.28152
5,0.4,0.0001,0.43032
2000,0.3,0.001,0.26586
50,2,0.1,0.36454
3000,0.4,0.01,0.26562
400,5,0.01,0.28514
25,2,0.01,0.32052
75,0.3,0.001,0.35208
400,0.9,0.01,0.283675
700,0.5,0.0001,0.274175
5000,0.1,0.1,0.25874
50,0.7,0.0001,0.34302
400,1,0.0001,0.28498
400,0.7,0.0001,0.28294
5000,5,0.001,0.2692
25,1,0.01,0.37202
600,5,0.1,0.28294
800,0.4,0.0001,0.27238
2000,0.1,0.1,0.2618
1000000,0.5,0.001,0.5
500,1.5,0.01,0.28332
10000,2,0.01,0.26388
200,3,0.0001,0.27642
5000,0.4,0.0001,0.24666
500,0.8,0.1,0.2789
300,0.6,0.0001,0.2867
1,0.3,0.01,0.44994
10000,5,0.0001,0.27162
7000,1,0.001,0.26652
700,5,0.001,0.27086
2000,0.9,0.001,0.25782
4000,1,0.001,0.26218
200,2,0.1,0.28926
6000,5,0.1,0.27894
500,0.5,0.01,0.27828
1,2,0.001,0.33426
25,5,0.001,0.37526
5000,0.7,0.0001,0.25188
500,0.1,0.0001,0.27402
5,0.4,0.01,0.43206
700,0.2,0.01,0.27104
7000,0.7,0.0001,0.26038
1000000,0.7,0.0001,0.5
10000,0.7,0.1,0.26502
50,0.8,0.0001,0.33768
1000000,0.4,0.1,0.5
200,0.1,0.1,0.2998
600,1,0.01,0.27946
300,3,0.1,0.28736
800,0.6,0.1,0.27386
75,0.4,0.01,0.34828
2000,0.2,0.0001,0.24555
4000,1.5,0.001,0.2577
10000,0.1,0.0001,0.24178
25,0.8,0.01,0.37338
2000,0.5,0.001,0.26852
700,0.4,0.0001,0.273425
5,0.9,0.001,0.38372
5000,0.6,0.001,0.24936
1000000,1,0.001,0.5
5000,0.5,0.1,0.26154
800,0.3,0.1,0.27096
50,0.6,0.0001,0.3492
75,0.8,0.01,0.32876
900,1.5,0.0001,0.2597
10000,0.3,0.001,0.24512
500,0.2,0.1,0.27362
5,0.6,0.01,0.4147
6000,0.8,0.01,0.25792
50,0.5,0.01,0.3633
25,1,0.0001,0.36562
50,1,0.1,0.42188
4000,5,0.0001,0.26902
4000,2,0.1,0.26876
10000,0.7,0.001,0.24966
1000000,5,0.01,0.40782
75,0.6,0.01,0.33574
200,0.8,0.0001,0.2949
3000,0.8,0.1,0.2685
500,5,0.01,0.2854
10,5,0.001,0.29568
900,0.7,0.0001,0.274433333333
3000,3,0.0001,0.26484
800,0.6,0.01,0.27466
3000,2,0.001,0.26052
900,0.3,0.001,0.27084
600,3,0.1,0.28134
600,2,0.001,0.28334
5000,0.3,0.001,0.24512
10000,0.3,0.0001,0.2453
7000,0.6,0.0001,0.24884
25,0.5,0.0001,0.3842
0.1,0.1,0.1,0.49314
400,5,0.001,0.27158
10000,0.3,0.1,0.25726
600,0.6,0.01,0.27706
4000,0.9,0.01,0.26692
600,0.7,0.0001,0.27768
200,0.3,0.001,0.29762
5,1,0.001,0.3813
1000000,0.9,0.0001,0.5
900,0.8,0.0001,0.261333333333
1000,5,0.1,0.28112
5000,0.8,0.01,0.26328
3000,0.1,0.001,0.25294
75,2,0.001,0.34188
10000,0.6,0.1,0.26244
2000,0.3,0.0001,0.247325
75,0.3,0.01,0.3593
600,0.1,0.1,0.26942
600,0.3,0.01,0.2745
900,2,0.0001,0.2615
10,0.4,0.001,0.41518
900,2,0.01,0.28182
1,0.3,0.1,0.47044
2000,0.7,0.01,0.27174
0.1,0.6,0.0001,0.42714
10,0.4,0.0001,0.41956
900,2,0.001,0.27722
600,2,0.1,0.28232
100,3,0.01,0.29276
5000,2,0.1,0.27428
5,1.5,0.01,0.35362
100,5,0.1,0.28992
1000000,0.9,0.01,0.5
1000,1,0.01,0.27556
10000,0.4,0.001,0.24626
1,0.5,0.1,0.4674
10000,1,0.001,0.26832
800,0.9,0.01,0.27794
5,0.5,0.1,0.4578
6000,0.9,0.0001,0.26106
10,2,0.01,0.33096
1000,0.8,0.1,0.2737
1,0.8,0.001,0.40362
5000,0.2,0.01,0.26004
1000000,0.5,0.1,0.5
3000,0.8,0.01,0.27014
5,5,0.001,0.33466
2000,1,0.01,0.27308
300,0.3,0.0001,0.28654
1000,1.5,0.01,0.27984
100,5,0.001,0.27954
7000,1.5,0.0001,0.26804
600,0.2,0.001,0.27292
6000,0.3,0.0001,0.24546
1000,0.4,0.1,0.2715
10000,0.3,0.01,0.24476
3000,0.6,0.01,0.26838
700,0.7,0.001,0.27704
500,3,0.1,0.28218
7000,0.1,0.0001,0.24174
200,1.5,0.0001,0.2924
7000,0.7,0.001,0.24988
800,3,0.1,0.2811
5000,3,0.1,0.2751
600,0.8,0.001,0.27946
5000,5,0.1,0.27954
25,5,0.01,0.29264
500,0.5,0.1,0.27756
800,0.9,0.1,0.27502
7000,0.8,0.001,0.25026
500,1,0.1,0.28366
7000,0.3,0.1,0.2568
6000,1,0.001,0.26664
1000,0.3,0.001,0.26994
2000,0.5,0.01,0.269675
1,0.8,0.0001,0.40154
700,0.7,0.01,0.27678
1000000,1,0.1,0.5
1000000,1,0.0001,0.5
300,2,0.01,0.28792
3000,3,0.01,0.27734
75,2,0.01,0.30636
4000,2,0.001,0.2602
900,0.8,0.01,0.27606
1000000,2,0.001,0.43144
2000,3,0.001,0.26476
50,0.9,0.001,0.33526
6000,0.6,0.1,0.25934
1000,0.9,0.0001,0.254866666667
0.1,3,0.001,0.31316
500,0.6,0.0001,0.27926
7000,0.6,0.01,0.24958
6000,2,0.01,0.26492
75,0.8,0.001,0.32452
5,2,0.0001,0.32516
1,0.3,0.0001,0.45462
6000,0.3,0.1,0.25578
6000,0.6,0.0001,0.25206
200,2,0.001,0.29122
300,0.9,0.01,0.28798
1000,0.4,0.0001,0.271066666667
7000,0.9,0.01,0.25654
100,0.6,0.01,0.32282
10000,0.6,0.01,0.24862
500,0.4,0.001,0.27782
1000000,0.7,0.1,0.5
900,0.9,0.01,0.27708
2000,0.8,0.0001,0.251625
300,0.2,0.0001,0.28658
50,0.3,0.1,0.46048
0.1,0.9,0.01,0.40586
5,0.4,0.1,0.46744
2000,5,0.0001,0.2704
1,1,0.1,0.42018
0.1,2,0.001,0.33648
10000,0.2,0.0001,0.24312
300,0.9,0.001,0.28762
200,2,0.0001,0.285
700,0.7,0.1,0.27408
5000,0.7,0.01,0.2633
1,1,0.001,0.38912
6000,0.5,0.01,0.25344
3000,0.9,0.001,0.25284
5,0.8,0.0001,0.39384
800,0.9,0.0001,0.2689
75,0.2,0.001,0.36206
7000,3,0.01,0.268
500,5,0.1,0.28222
900,1.5,0.1,0.27794
700,5,0.0001,0.267875
50,3,0.01,0.3007
600,2,0.0001,0.26486
3000,0.3,0.001,0.24994
700,0.3,0.01,0.2729
1,3,0.0001,0.3045
2000,0.2,0.01,0.26422
4000,1.5,0.1,0.26866
1,0.3,0.001,0.4523
1000000,0.4,0.01,0.5
100,0.9,0.0001,0.31106
7000,0.9,0.1,0.265
25,5,0.1,0.33184
5000,1.5,0.1,0.268
4000,0.9,0.0001,0.25332
75,0.6,0.001,0.33322
900,0.1,0.01,0.26734
900,0.1,0.0001,0.267533333333
0.1,0.3,0.0001,0.4572
400,0.7,0.1,0.28154
200,0.3,0.0001,0.29718
900,0.2,0.1,0.26608
5,0.1,0.001,0.4545
5000,0.8,0.0001,0.25116
10000,2,0.1,0.27674
6000,0.9,0.1,0.26248
400,1,0.1,0.28668
2000,5,0.001,0.26822
400,1,0.001,0.2852
600,0.5,0.0001,0.27612
900,1,0.0001,0.2764
700,1,0.1,0.29358
700,0.6,0.001,0.27606
400,0.9,0.1,0.284675
25,0.5,0.001,0.38518
25,0.3,0.0001,0.4047
6000,0.7,0.1,0.26084
1000,0.7,0.01,0.27508
800,0.5,0.01,0.27376
4000,0.1,0.1,0.25742
5000,0.4,0.1,0.26054
50,0.2,0.001,0.3883
50,1,0.001,0.34926
200,3,0.01,0.2898
200,0.6,0.01,0.29656
50,0.1,0.1,0.47024
5,1,0.1,0.43308
4000,2,0.01,0.2728
10000,0.2,0.001,0.2433
200,1.5,0.01,0.29302
700,0.8,0.01,0.27808
1,0.9,0.01,0.39834
1000000,0.6,0.01,0.5
100,0.8,0.01,0.31706
5,0.4,0.001,0.4254
900,0.9,0.1,0.27328
900,0.3,0.01,0.27014
900,0.4,0.001,0.27168
200,0.7,0.1,0.29492
7000,1,0.1,0.26866
3000,1.5,0.0001,0.25838
1000,0.1,0.01,0.26648
900,0.4,0.1,0.27052
800,0.8,0.1,0.27528
300,5,0.1,0.28652
1000,3,0.1,0.281
0.1,0.5,0.001,0.43142
25,0.5,0.01,0.39414
400,3,0.01,0.28582
0.1,0.3,0.001,0.45076
7000,0.9,0.0001,0.2568
200,0.3,0.01,0.29788
300,0.9,0.0001,0.28726
10000,0.2,0.1,0.2543
0.1,0.2,0.001,0.45972
75,2,0.0001,0.2923
10000,0.5,0.01,0.24726
3000,0.4,0.001,0.2471
10000,0.9,0.1,0.26962
5,1.5,0.1,0.42806
400,0.3,0.1,0.27886
800,0.5,0.1,0.27346
7000,0.1,0.001,0.24146
900,0.6,0.01,0.27454
5,1.5,0.0001,0.34628
0.1,0.2,0.0001,0.466
0.1,1.5,0.001,0.3557
300,0.6,0.001,0.28734
600,0.5,0.001,0.2763
2000,5,0.01,0.281225
1,0.2,0.01,0.45894
25,0.9,0.001,0.3548
5,0.8,0.001,0.39164
100,0.2,0.1,0.38874
5000,0.2,0.0001,0.2438
25,0.6,0.001,0.37614
1000,0.6,0.01,0.27346
300,2,0.1,0.2842
25,0.9,0.0001,0.35434
4000,0.7,0.001,0.25078
600,1.5,0.001,0.2825
1000000,0.1,0.001,0.5
500,3,0.01,0.2841
5000,1,0.001,0.26034
700,5,0.01,0.2848
50,0.4,0.0001,0.36498
1000000,0.6,0.0001,0.5
1000000,0.7,0.001,0.5
2000,0.8,0.1,0.26996
10000,0.4,0.01,0.24666
5,2,0.1,0.38626
0.1,0.8,0.001,0.40396
200,1,0.001,0.3005
100,0.3,0.0001,0.33274
10,0.3,0.01,0.4367
1,1,0.01,0.39912
4000,0.8,0.0001,0.25138
5000,0.3,0.1,0.2609
10000,0.2,0.01,0.24258
300,0.1,0.1,0.28304
700,1,0.001,0.27946
100,1,0.001,0.32406
700,0.2,0.1,0.26872
50,3,0.0001,0.28218
4000,5,0.1,0.27622
600,3,0.001,0.27646
500,0.3,0.01,0.27672
5,0.2,0.001,0.44494
800,2,0.001,0.27798
25,0.3,0.1,0.4656
6000,0.1,0.01,0.25708
900,3,0.001,0.26852
1000000,0.1,0.01,0.5
10000,2,0.001,0.25988
10000,0.7,0.01,0.24962
1000000,5,0.1,0.2842
6000,0.8,0.0001,0.25508
1000,0.4,0.001,0.27102
100,0.4,0.1,0.36014
500,0.6,0.01,0.2792
75,3,0.0001,0.28032
500,3,0.0001,0.2662
400,0.2,0.1,0.27794
0.1,0.9,0.1,0.44702
0.1,0.4,0.001,0.44028
10,0.1,0.001,0.44644
75,1,0.1,0.37068
4000,0.7,0.0001,0.25016
800,0.5,0.0001,0.2735
10,0.1,0.01,0.4537
2000,0.1,0.0001,0.244475
10000,3,0.1,0.27304
1,0.7,0.1,0.43742
10,1.5,0.01,0.3467
25,0.8,0.0001,0.36112
700,1,0.0001,0.278375
10,1.5,0.0001,0.33882
400,0.8,0.1,0.28164
25,3,0.0001,0.33108
300,0.8,0.01,0.28716
75,1.5,0.001,0.34712
600,0.7,0.1,0.27614
25,0.9,0.01,0.36598
4000,3,0.0001,0.2653
4000,0.4,0.0001,0.24662
4000,0.5,0.01,0.26518
7000,5,0.01,0.27704
200,0.6,0.1,0.29356
3000,0.7,0.01,0.26922
500,0.1,0.001,0.27444
100,0.2,0.0001,0.33904
1000,0.3,0.1,0.26862
1000,0.5,0.0001,0.2722
700,0.3,0.1,0.27088
0.1,0.8,0.01,0.41062
800,5,0.0001,0.26742
100,0.7,0.01,0.3199
0.1,0.9,0.0001,0.39922
900,2,0.1,0.28026
10,0.4,0.01,0.42598
1000,0.3,0.0001,0.2694
50,2,0.0001,0.29378
1000000,0.6,0.001,0.5
10000,0.5,0.001,0.24746
200,0.3,0.1,0.3012
3000,1.5,0.1,0.27166
10,0.1,0.0001,0.44892
3000,0.1,0.1,0.26074
6000,0.1,0.0001,0.24188
900,0.2,0.001,0.26962
75,0.9,0.001,0.32148
25,3,0.001,0.38214
100,0.8,0.1,0.32448
500,1.5,0.0001,0.27062
1,0.9,0.0001,0.39268
5000,0.9,0.01,0.2654
1,5,0.1,0.32704
75,0.5,0.01,0.34164
900,0.5,0.1,0.27102
0.1,5,0.001,0.29542
600,0.6,0.1,0.27544
100,0.3,0.1,0.379125
25,2,0.1,0.32646
3000,0.4,0.1,0.2636
300,3,0.001,0.28696
500,2,0.1,0.28196
50,0.1,0.0001,0.39982
5,0.5,0.0001,0.42106
10,5,0.01,0.2939
6000,1.5,0.0001,0.26338
200,1,0.1,0.29364
400,0.8,0.01,0.28336
800,0.1,0.01,0.26832
4000,0.8,0.01,0.26672
25,0.6,0.01,0.39018
500,1,0.01,0.28042
5,0.1,0.01,0.46082
